1,0.079063201,5.7625749,0.17403605,0.21417518,0.14261649,0.099351367,124.89146,111.22036
2,0.73793235,5.9386005,0.2459338,0.37499391,0.2548785,0.14181414,261.1428,70.067449
3,1.2678518,5.9707506,0.34689136,1.1208923,0.47394152,0.30250173,266.69139,69.668554
4,0.31763739,5.2264427,0.43390867,1.1292961,0.66305219,0.61714831,227.12639,18.606821
5,1.3346036,6.2062938,0.30050435,0.12605798,0.09455374,0.017993776,101.59763,127.96268
6,0.68113219,5.6714882,0.40061767,0.34248837,0.097829846,0.082514315,219.70966,36.078483
7,0.63126344,5.4908472,0.49307039,0.30721674,0.14903282,0.09305614,226.88746,21.884507
8,0.8875248,5.4206642,0.45167912,0.31458429,0.25732232,0.16989569,262.79814,102.65501
9,0.073522537,4.5843791,0.50065436,0.37722054,0.28558247,0.14648891,221.23446,142.36508
10,2.1432279,6.4954112,0.21130532,0.18412666,0.087617841,0.038805705,104.34994,176.903
11,1.9989492,6.377329,0.23064773,0.36968215,0.20090679,0.055390705,103.58624,26.734343
12,1.3704318,5.5755073,0.33365777,0.67312662,0.4328318,0.16849042,269.25745,85.270788
13,1.6383901,5.8573445,0.35474668,0.36262359,0.19239167,0.12741253,117.67662,160.07904
14,1.9244423,6.2323275,0.27032818,0.16662378,0.10803568,0.043095663,200.77596,26.502446
15,0.49958605,4.8776453,0.32348856,0.19057537,0.13172316,0.076188596,253.31357,17.202614
16,0.90197072,5.1879559,0.48465371,0.23024567,0.12918853,0.07740373,124.06953,157.79823
17,1.9070496,5.9191071,0.33158592,0.37329021,0.34233834,0.059582994,177.86747,1.9897979
18,1.7851188,5.8673375,0.34743965,0.13005907,0.072020167,0.01596134,146.73592,174.23985
19,2.0743882,6.1609049,0.30898562,0.30253624,0.14857561,0.10684506,221.41534,6.0552208
20,1.5980182,5.7092271,0.3323103,0.1890484,0.13702715,0.04192961,246.76123,13.587007
21,2.0815315,5.9761964,0.27968854,0.47363702,0.22098533,0.089115651,210.97342,163.4958
22,0.59583428,4.1192657,0.7004407,2.0068303,0.85611928,0.68223295,255.54611,0.40004165
23,1.7255129,5.730274,0.3316075,0.17802679,0.11005319,0.044440267,182.51574,178.73739
24,0.93981111,4.9861672,0.47825802,0.53917114,0.40934013,0.31516734,95.928929,130.31831
25,1.4302179,5.2489246,0.33502922,0.44456779,0.36633127,0.14710683,228.52344,176.22406
26,1.6114015,5.4553179,0.34116075,0.27859907,0.14980254,0.04759128,119.32755,179.94611
27,1.8158691,5.6107656,0.33862507,0.33587006,0.31758395,0.069744639,91.401502,50.153338
28,1.9819935,5.6728118,0.3096242,0.41502873,0.22522552,0.0885945,267.70114,93.962442
29,1.7299981,5.3315013,0.34796461,0.3115412,0.20031619,0.088570337,106.21786,159.30828
30,1.8394261,5.4652457,0.34248322,0.26408759,0.098528485,0.037804059,93.181972,55.62204
31,1.9016263,5.3795478,0.34418722,0.23144853,0.071830041,0.022219382,134.62203,16.714376
32,2.1454511,5.5903507,0.24338492,0.15949093,0.1427121,0.053929917,163.5992,179.86926
33,0.13215005,3.7409484,0.62727498,0.25427981,0.13789805,0.040624609,205.92616,175.18041
34,0.24430757,3.7720655,0.60344144,0.20149703,0.15627377,0.089393021,224.9825,0.39211052
35,1.5416696,4.782196,0.35196196,0.3236847,0.2211483,0.088518527,192.20471,179.50236
36,1.8613225,4.9794093,0.47968858,1.1986177,0.68832587,0.49836064,90.483898,96.239263
37,0.3374086,3.6018972,0.65203304,0.33514152,0.26872044,0.14662615,139.35517,37.919038
38,0.80113939,3.7952535,0.67428194,0.75383892,0.28967551,0.11409565,262.7409,166.59973
39,0.50906051,3.7246134,0.58793143,0.21621227,0.11667162,0.04527637,218.23435,14.13697
40,0.54374281,3.4248202,0.78354116,0.52963284,0.29822765,0.18781715,217.44269,166.88754
41,1.753669,4.5873401,0.41928149,0.53796786,0.51847941,0.12139823,233.62363,31.162436
42,2.4984352,5.0068985,0.3775349,0.41663596,0.4069289,0.044099053,227.31461,1.3842865
43,2.3178441,4.8746629,0.39680984,0.10708672,0.087984259,0.013364881,134.05411,2.2323846
44,2.7601002,5.1853096,0.33777734,0.13921883,0.064036763,0.038333636,112.92742,127.31458
45,2.0477631,4.5957551,0.44114824,0.30603145,0.099518231,0.047862583,145.96193,19.475471
46,2.3643762,4.7748068,0.40659525,0.69534449,0.24261018,0.072312571,107.42781,14.628085
47,0.91015875,3.4300252,0.75737714,0.4357081,0.28389221,0.17666475,209.89346,157.48446
48,2.1960787,4.624148,0.43191632,0.22492298,0.15535041,0.037792153,232.56945,20.487678
49,1.675748,4.1348575,0.46404433,0.19462935,0.10408835,0.094926965,217.06472,174.71003
50,2.7987373,5.0901259,0.33716946,0.20329455,0.19012966,0.1486537,217.21257,2.1173457
51,1.9088912,4.2322629,0.47044135,0.5112784,0.36881428,0.17134027,231.12138,6.0087999
52,2.2588359,4.4323687,0.45279267,1.1683864,0.52344846,0.085810575,122.40885,10.500093
53,0.79468548,3.312687,0.7081855,0.16611059,0.14008574,0.095685711,92.846619,88.448148
54,1.6408582,3.9448402,0.47354945,0.26323132,0.18623251,0.077905351,157.3875,172.10941
55,1.8168677,4.0739032,0.45219259,0.11757504,0.10612735,0.045549471,176.93173,0.24171798
56,1.569307,3.679224,0.50928394,0.32761139,0.2649152,0.14012247,230.68354,169.85595
57,1.3623398,3.5547223,0.54905044,0.2756802,0.10564641,0.054146225,229.92387,144.20194
58,2.8496417,4.8455547,0.26020898,0.140101,0.09729035,0.0073921579,189.4543,2.2608877
59,2.6114684,4.5140976,0.41843885,0.44466722,0.42226342,0.043336551,99.946697,44.888025
60,1.8744666,3.8989637,0.46103388,0.4777182,0.34857499,0.089762049,117.69219,177.21833
61,0.96182914,3.2170746,0.71033923,0.39669069,0.21623594,0.19421014,101.94003,59.451722
62,2.1486847,4.0577462,0.45567889,0.26837621,0.21327769,0.05612966,177.58648,174.53638
63,2.2244584,4.0683223,0.43509353,0.11505464,0.067971169,0.021484148,178.94857,176.66621
64,1.4045519,3.3696293,0.49284122,0.19692208,0.083533213,0.048165051,214.34603,163.7474
65,2.5028293,4.2165278,0.45390372,0.47609716,0.17320667,0.053738341,125.04106,1.9704812
66,1.109117,3.1468985,0.61247392,0.12019833,0.072985518,0.040404632,267.7954,81.389542
67,1.5746542,3.4486785,0.50724343,0.24959948,0.19750064,0.06875914,233.10058,2.9578009
68,1.7924704,3.629308,0.46928411,0.25234934,0.1681927,0.095311524,192.67565,175.94271
69,1.9145908,3.6929496,0.4650305,0.34770021,0.086732743,0.048306918,160.20543,176.12938
70,2.3448748,3.9904184,0.45818859,0.29947329,0.23860282,0.076877388,258.36418,49.220749
71,2.8103313,4.1916501,0.5327839,0.4935725,0.43171681,0.29564169,165.18296,169.87713
72,2.0440976,3.3939325,0.58623539,0.85320214,0.7044248,0.39311361,214.84255,165.09944
73,2.5509687,3.9990107,0.47645526,0.25663219,0.1810699,0.044649796,138.25856,8.8188303
74,2.4551494,3.79389,0.50124604,0.40874637,0.22178292,0.092962865,246.99888,172.69811
75,2.6534058,3.8418148,0.4809496,0.31587652,0.20599656,0.070910092,183.33899,174.53313
76,2.5264387,3.6029158,0.49183637,0.40750745,0.2132709,0.089076006,266.29085,107.13056
77,2.7629947,3.885706,0.48330252,0.23750989,0.12154679,0.060374181,141.34321,4.7796125
78,2.4555004,3.4552993,0.48892116,0.17403859,0.15338459,0.0341281,105.00942,22.344247
79,2.1646639,2.8888099,0.53610342,0.51678097,0.2936245,0.11308813,257.28774,129.35877
80,2.720416,3.494911,0.46297795,0.099531537,0.09732824,0.039707135,190.86514,29.746837
81,2.5609331,3.1453381,0.5769355,0.70656572,0.64144926,0.36723783,203.18951,173.26598
82,3.0674788,3.2919365,0.55076089,0.22363125,0.19934595,0.14659426,109.60775,115.0397
83,2.9994738,3.1801279,0.50088168,0.19069043,0.082712683,0.014295524,230.54441,157.10473
84,2.969044,3.0601066,0.48528096,0.34758756,0.19773122,0.02658624,231.76914,150.30445
85,2.4266476,2.7233257,0.47202774,0.2794858,0.13749526,0.11078961,238.4833,169.00163
86,2.602529,2.7350971,0.49606527,0.5659253,0.38773812,0.17681934,204.51235,176.60232
87,2.8151724,2.8974991,0.48411666,0.34415785,0.25483799,0.071954664,254.74116,140.67799
88,3.3426179,3.0973113,0.57010066,0.59860561,0.59238626,0.29135001,268.31644,85.645897
89,2.9829087,2.694543,0.48769013,0.59251946,0.4407017,0.14379787,159.36602,178.51592
90,3.2208507,2.8211551,0.52772623,0.15999723,0.078586058,0.044967844,146.80209,173.02434
91,3.7830642,2.9785559,0.57182498,0.47951733,0.37298017,0.20451479,239.48053,172.93703
92,2.8537635,2.4642273,0.46285254,0.16989663,0.11598474,0.073023847,168.4401,160.2859
93,3.3588578,2.8149649,0.54433995,0.17660315,0.14860014,0.065283669,255.43038,179.50516
94,3.2453739,2.7080277,0.4973624,0.21371361,0.12922662,0.084585168,164.53318,137.72134
95,3.1261187,2.5225693,0.47343777,0.16420805,0.10832771,0.041514128,154.14091,169.93957
96,3.0020857,2.3683008,0.47819296,0.29392365,0.20103135,0.10042115,240.25716,7.5918187
97,3.4515754,2.7411835,0.53861599,0.12839069,0.11515305,0.077254725,121.4365,141.06488
98,3.5435396,2.7443427,0.53785125,0.20072142,0.056468115,0.056459847,168.20726,8.0143429
99,3.7301719,2.7845569,0.49991334,0.34309552,0.19158498,0.17041728,260.23267,138.45381
100,2.9905209,2.2528341,0.50011332,0.22813955,0.083818798,0.023041879,212.39235,178.78662
101,3.9073151,2.743459,0.43611103,0.087430931,0.053327891,0.050932761,101.41745,104.02115
102,3.1610767,2.157313,0.48781328,0.26050999,0.21129593,0.097086629,225.46233,178.49402
103,3.3430343,2.3892877,0.59642833,0.6015794,0.49110303,0.35385609,213.29563,24.662789
104,4.0866659,2.7950002,0.46392459,0.37284857,0.19756308,0.10957251,202.83243,177.04157
105,3.9586578,2.6314678,0.47152758,0.24797738,0.16990263,0.112194,246.64238,160.45342
106,4.2969168,2.8407658,0.45400023,0.21277781,0.12102919,0.059869049,210.71136,136.26519
107,3.867888,2.3623461,0.48774837,0.41577333,0.23815834,0.083818121,166.26898,4.3875584
108,3.448006,1.948774,0.67992199,0.50461994,0.29425217,0.23490083,249.97074,164.03187
109,3.1542528,1.9277207,0.64987088,0.47331451,0.282637,0.10426416,173.18602,51.830955
110,4.0947286,2.427172,0.47479793,0.27911581,0.19591303,0.091499519,217.33696,8.6685814
111,4.1597937,2.5404487,0.46999885,0.19049506,0.10163456,0.064447337,205.89728,29.996787
112,4.0422929,2.2930893,0.47523424,0.16065197,0.13113153,0.068359729,209.53821,177.9602
113,3.3126609,1.7641241,0.6569378,0.14789927,0.12965404,0.084964857,232.11806,13.200121
114,3.7744537,1.5009045,0.5960235,1.2319358,0.4895931,0.16022796,244.30489,125.8338
115,3.9387001,2.0416111,0.52562176,0.21883514,0.1150372,0.020643219,176.98654,177.86454
116,4.0993616,2.0736179,0.627386,0.51436406,0.39953687,0.30045129,215.29801,8.550299
117,3.9410191,1.7468537,0.62575207,0.39874652,0.27239023,0.10297664,242.50344,129.03183
118,4.0880305,1.865931,0.60849791,0.25233386,0.1323397,0.095763024,238.22006,132.71763
119,4.4083337,2.0054137,0.66749707,0.44938402,0.32011223,0.25333438,244.20427,164.75717
120,4.2925318,1.8926962,0.538061,0.10847234,0.089323885,0.036020362,118.949,120.14758
121,4.4436748,1.3481956,0.64092724,1.3020163,1.2628773,0.55133337,213.5328,158.7179
122,4.2907507,1.0747446,0.31432674,0.36908827,0.23535781,0.066538878,255.47072,118.28219
123,4.5849756,0.91436751,0.24991342,0.2521769,0.16709248,0.068416811,189.67343,6.6141097
124,4.7518212,0.69508567,0.26322735,0.44431043,0.25895598,0.049170823,209.46645,0.2939452
125,4.9084224,0.96601837,0.4817654,0.1697271,0.088611087,0.0084797164,238.38057,56.587294
126,4.9407807,0.4358528,0.23776469,0.1111173,0.075454878,0.057304799,194.85744,13.749937
127,5.274562,0.27306941,0.16797576,0.5405436,0.37547922,0.096136035,251.12915,3.6227584
128,5.6129866,0.52554446,0.39390064,0.32999986,0.26644145,0.065269238,122.60261,136.15087
129,5.5894401,0.21936691,0.11262265,0.40276172,0.18560679,0.10229752,210.73723,145.22846
130,5.4549305,0.18368017,0.15557402,0.21253113,0.18917359,0.080952212,254.17799,121.39901
131,5.5567933,0.29333208,0.34171007,0.8710919,0.45428932,0.20642706,244.28818,30.29206
132,5.7951131,0.084436864,0.34619506,0.59641208,0.27708164,0.198772,90.141003,90.040127
133,2.2637185,6.4244181,0.21306178,0.12032106,0.069383214,0.047259078,206.01201,1.6990733
134,2.3507197,6.4839291,0.31593588,0.32639281,0.21456042,0.090288722,246.06782,69.198612
135,2.5130972,5.7255855,0.72529001,1.2853451,1.0914141,0.63848422,206.7475,11.801857
136,3.1255334,5.8429522,1.0240377,0.57660685,0.35715495,0.30102673,164.7622,10.761918
137,3.3223489,5.4380393,0.82421035,0.7534695,0.73319557,0.47080821,206.82363,115.63498
138,2.8287959,5.3148095,0.44796227,0.45175292,0.35069538,0.25643542,269.11798,88.082016
139,3.0671576,5.2802627,0.52546184,0.4010389,0.23980014,0.22561874,173.74263,8.1299131
140,2.9442517,5.1680466,0.3931113,0.16093979,0.083302347,0.051354988,145.13727,117.95485
141,3.1797574,4.8700359,0.57286478,1.0184088,0.67545261,0.26121723,98.964867,101.35266
142,4.2523339,5.9397416,0.48459526,0.10319819,0.082878054,0.061836277,192.84923,13.031695
143,4.0752646,5.8062728,0.67908186,0.23622707,0.079413085,0.05371994,181.78389,22.724027
144,3.7423815,5.2321959,0.85624579,0.54372418,0.47301629,0.26886716,233.08834,25.605186
145,4.2503718,5.5627189,0.7407258,0.47004283,0.24915081,0.10337978,200.63564,6.2978994
146,4.2997714,5.7487701,0.70867611,0.24822647,0.061417703,0.052094207,217.57105,30.192295
147,3.8979359,5.1300204,0.90381952,0.26830228,0.094352002,0.088197479,180.82159,76.538938
148,4.4787148,5.516733,0.74812019,0.18244189,0.094527702,0.081356603,102.96504,113.1884
149,3.0890665,4.3701362,0.5656819,0.10467324,0.075591681,0.051678225,162.47315,150.13881
150,4.7289999,5.5500434,0.63942974,0.22556408,0.11108585,0.02724091,258.20549,109.73651
151,3.0499442,4.3290962,1.1528875,0.19618244,0.10359299,0.030678346,112.44138,127.32287
152,4.2336689,5.1706475,0.86348605,0.28372223,0.19524607,0.11384142,97.037104,66.680675
153,3.2871065,4.4409452,1.1964382,0.2961295,0.18667385,0.050572873,112.23075,141.9188
154,3.1557791,3.8047593,0.87316972,2.0490999,1.2495428,0.75489462,119.98003,159.41196
155,4.3777749,5.2901873,0.80541903,0.31697273,0.20850307,0.1912865,199.41981,9.0494695
156,4.2190188,4.9743341,0.89083086,0.19634896,0.10147705,0.046821945,247.41196,140.78366
157,4.5657581,5.1573482,0.72948486,0.22720529,0.1438705,0.056808775,148.74514,177.66656
158,4.7628087,5.296476,0.72752738,0.43208102,0.37403014,0.16546006,107.10325,37.953614
159,4.2372388,4.6313818,0.82450224,0.82686663,0.5520727,0.14036877,177.22218,156.54196
160,4.6717529,5.1431729,0.7252417,0.11756459,0.058099772,0.038929668,173.56886,174.8245
161,4.7178469,4.7952638,0.72379422,0.64529842,0.57484794,0.14841486,208.85119,176.6407
162,4.7454425,5.0599957,0.74107078,0.19966297,0.13223913,0.084692107,194.99218,3.686524
163,4.5650233,4.8515506,0.73690235,0.11523041,0.099419426,0.062798636,204.47831,164.92779
164,4.5227376,4.7325128,0.72975548,0.16325872,0.11058907,0.043201777,98.018143,65.511913
165,4.9094917,4.9691031,0.78555588,0.54047069,0.2840844,0.22735408,209.67548,156.50096
166,4.2876587,4.4920158,0.73321823,0.23349949,0.15972354,0.13495503,192.55693,141.63321
167,5.5705461,5.3254259,0.49042378,0.41115084,0.30841387,0.13385488,235.52,162.44532
168,4.4816533,4.5440588,0.70182262,0.19982044,0.13171216,0.12252809,194.7029,153.81716
169,4.6092279,4.6463628,0.69741408,0.14500754,0.059404216,0.056778225,186.88149,173.18003
170,5.1262244,4.9101673,0.63488287,0.17746945,0.16018975,0.067264086,100.94417,72.038275
171,5.6237609,5.2127077,0.46045214,0.23750653,0.10573673,0.056779788,196.51611,155.57969
172,5.5104849,5.1035938,0.48084259,0.16672595,0.09867088,0.074742966,207.83021,4.0275708
173,4.0661488,3.8989379,0.73846434,0.38436429,0.26787168,0.26676763,247.66811,168.06791
174,4.4781562,4.301352,0.72301945,0.56549408,0.43530014,0.21866271,130.66084,156.4076
175,5.0533104,4.7158579,0.64891727,0.28668461,0.18297928,0.035891057,96.670127,72.157869
176,5.1880836,4.7770164,0.60468175,0.24118306,0.17546843,0.050050972,236.08155,150.78406
177,5.4219177,5.0269131,0.4965608,0.15030556,0.10424752,0.056317582,134.96721,12.190489
178,3.8625542,3.8186843,0.72026178,0.15342656,0.13021164,0.083237506,237.84601,71.849257
179,4.3053872,4.1155591,0.68343244,0.25892755,0.21891817,0.090363628,93.704477,66.485153
180,4.7040952,4.3057478,0.75098432,0.20955902,0.17521738,0.086287838,202.20192,132.32802
181,5.738617,5.0913891,0.45828503,0.36178313,0.16474006,0.079369971,181.35887,7.660135
182,3.7099671,3.5468873,0.72275988,0.47128658,0.39644925,0.26086961,125.92119,111.339
183,4.9402688,4.4603319,0.71042208,0.37446458,0.17239326,0.15328835,184.41204,178.79782
184,5.4705302,4.9186894,0.50835613,0.21879541,0.11554234,0.059474113,173.48737,20.596401
185,4.2734536,3.9213498,0.71744399,0.20316544,0.090144299,0.071350909,203.79839,103.91604
186,5.3186406,4.6653972,0.5796617,0.20600229,0.16152215,0.039760689,163.07502,10.444994
187,5.901399,5.0847968,0.47767227,0.22687909,0.15599896,0.076574516,149.36615,177.222
188,5.461834,4.7751788,0.53427028,0.12287235,0.12119554,0.054980385,110.79176,178.67162
189,4.0185944,3.5503468,0.57911036,0.24895132,0.21104121,0.064979734,134.35438,5.619374
190,4.4460866,3.8737195,0.66329992,0.51548531,0.30201354,0.22614185,168.06191,156.64664
191,3.7324756,3.3186057,0.6345775,0.35334321,0.16574098,0.12300798,186.21503,146.65514
192,4.8069445,3.931412,0.73769304,0.81453549,0.62853804,0.29981813,139.89722,156.15561
193,5.43355,4.5955012,0.55226187,0.15151344,0.085853856,0.039546516,228.23941,159.42913
194,5.6770194,4.7928688,0.43348121,0.13359402,0.066651935,0.048954993,92.012493,114.26554
195,5.7805543,4.8751488,0.452619,0.24122457,0.18067059,0.069870202,237.63319,179.88117
196,4.1351139,3.6588802,0.60164168,0.20254509,0.1460632,0.072566873,189.10157,145.06943
197,4.2959526,3.7890501,0.60266008,0.29731035,0.15878669,0.082838459,169.1005,151.75823
198,4.9112004,4.2365279,0.76369774,0.36167703,0.19622825,0.13254106,201.49215,26.125733
199,5.2872162,4.5078005,0.59418535,0.1322841,0.11331609,0.066910132,192.39318,13.67751
200,6.151613,4.9497718,0.47440066,0.58043583,0.22317384,0.15326473,251.15329,7.5684448
201,5.9288659,4.8506032,0.44815235,0.11686955,0.080488126,0.043842327,180.90253,168.79737
202,4.1908096,3.5719856,0.55583445,0.12277296,0.05396179,0.034896887,119.38367,139.996
203,5.6175506,4.6292206,0.49420892,0.10295944,0.07603118,0.021197719,214.74378,17.320932
204,5.5142604,4.4825326,0.54874424,0.16930787,0.11207259,0.054773736,234.68767,17.048695
205,3.9235981,3.2670654,0.60590878,0.34547452,0.26679872,0.21498175,162.78346,166.9509
206,5.539282,4.2846076,0.57335463,0.19943427,0.13391834,0.055184775,248.92171,126.05457
207,4.599845,3.6256338,0.61857663,0.21759163,0.14250036,0.082925341,203.05562,26.724149
208,5.9526276,4.6648675,0.49701883,0.43024664,0.42282529,0.16436001,96.499504,115.61294
209,5.6497688,4.3600351,0.56159034,0.1948174,0.19021124,0.04998575,268.93103,42.817264
210,4.1410258,3.2451836,0.5268687,0.13600381,0.10824134,0.093950534,245.56716,118.91281
211,4.3369411,3.3894166,0.59520598,0.60641268,0.45897962,0.18745028,179.40358,175.32803
212,5.4552325,4.1185757,0.58785118,0.10382883,0.095272765,0.035795245,267.69685,97.425671
213,5.2115161,3.9255112,0.68409444,0.16530747,0.10464616,0.081983506,242.92921,165.61988
214,6.6117823,4.8862564,0.48918014,0.49671558,0.21146262,0.1696819,239.15262,10.147014
215,4.0633393,3.130058,0.55034822,0.15658002,0.095526947,0.060518677,233.81372,160.5312
216,4.6362751,3.5289372,0.6232053,0.12674247,0.11109636,0.036176834,101.23961,23.476277
217,6.3224693,4.5937942,0.54351189,0.33500201,0.23761487,0.12933455,243.9248,166.36175
218,5.9835518,4.473893,0.51053899,0.18122928,0.1511163,0.057922447,150.11661,175.32282
219,6.1666004,4.4834319,0.53238183,0.23883358,0.10313819,0.077279744,237.86263,6.5384118
220,4.8475668,3.4746799,0.71527371,0.66368403,0.36863058,0.2687358,204.20907,162.99265
221,4.5988,3.3606038,0.63514785,0.22012907,0.16732422,0.13165319,208.28176,174.13352
222,5.1868019,3.7405579,0.69343249,0.26471889,0.099204918,0.084829643,159.01909,9.6882357
223,4.2040687,2.9998671,0.55694526,0.4236319,0.37463791,0.27720392,197.70705,13.661655
224,6.6018744,4.6467886,0.50586905,0.22542679,0.15013995,0.031373974,137.0054,171.24949
225,6.8831876,4.7647684,0.44768118,0.23294699,0.21687799,0.067672807,264.64899,173.78754
226,4.7636605,3.2672631,0.64801857,0.27044846,0.22910857,0.14250001,219.89389,177.13788
227,5.1218322,3.4398526,0.71478312,0.27560207,0.25904592,0.11525446,197.56456,131.49393
228,5.8454223,4.0125071,0.71975174,0.77490512,0.46417114,0.31966802,210.53329,22.88257
229,4.5286522,3.0298054,0.62536882,0.42403342,0.42187388,0.28418981,189.64969,162.27455
230,6.4449204,4.2133834,0.61066397,0.54434243,0.26408496,0.23484601,191.93483,177.24805
231,5.3483634,3.598328,0.77147905,0.82168788,0.33677579,0.27796471,191.0075,171.14908
232,7.1194756,4.703231,0.43234894,0.29883895,0.15371772,0.13861262,234.66905,5.5425378
233,6.8184187,4.5847823,0.47866657,0.26480762,0.19789422,0.060108748,142.51303,15.076405
234,5.1739645,3.1400082,0.62945401,0.78640519,0.31406773,0.23486699,193.47723,167.01964
235,5.6664401,3.6556288,0.77853877,0.45231834,0.17075722,0.11809526,173.89573,172.53521
236,6.6888412,4.3597248,0.54768172,0.17188218,0.063275848,0.063112728,244.4544,123.36356
237,4.630711,2.8036196,0.5988655,0.82232818,0.38217747,0.33075007,90.095541,90.403419
238,6.804532,4.407939,0.52007965,0.28293521,0.21085355,0.072926577,203.7186,7.1873835
239,7.0879865,4.5369257,0.44267688,0.30196259,0.10894975,0.056331671,225.50824,1.5449381
240,4.902085,3.0736693,0.61887255,0.23590871,0.15386997,0.094087031,178.71785,13.50699
241,7.3084316,4.5877124,0.40144929,0.28996777,0.13470313,0.056802819,90.964306,87.316831
242,4.4899142,2.4480116,0.61662547,0.85037043,0.44491421,0.26833017,259.13213,168.30114
243,6.8743239,4.2275664,0.54877324,0.31355627,0.2908928,0.17891867,230.85125,13.041479
244,5.0955594,3.03812,0.59276729,0.1604791,0.094433297,0.035662759,189.44693,16.007738
245,6.1178754,3.6671609,0.69000256,0.50035721,0.24104619,0.13225084,149.22646,5.8668438
246,5.5838575,3.2337717,0.69566914,0.49897633,0.45461916,0.39321176,267.44434,82.30492
247,5.8557368,3.5226026,0.76519486,0.19265014,0.1754406,0.12634894,217.06504,41.392583
248,5.0948791,2.8591857,0.58228109,0.35025951,0.17157006,0.078128376,218.51816,145.44808
249,7.4635595,4.4404401,0.46478167,0.5408388,0.53095127,0.36587862,262.03493,106.63463
250,7.0686934,4.1621246,0.49597616,0.21641067,0.10190195,0.086380763,194.75122,159.37583
251,7.3460686,4.3228427,0.40491852,0.22116939,0.15066588,0.054486,100.97335,56.991249
252,6.066812,3.3990916,0.64857385,0.38707844,0.30730952,0.1111369,176.83333,154.90581
253,6.7476665,3.7361255,0.55967575,0.73980242,0.66668564,0.22196967,208.32039,170.61564
254,6.4906864,3.821491,0.56101302,0.25651003,0.12751339,0.081088003,179.72926,12.288595
255,5.4143801,3.0344023,0.52668514,0.17863979,0.16628118,0.052172091,136.59082,170.89532
256,5.0549685,2.6838631,0.52204969,0.24826362,0.14658982,0.095009696,212.98074,162.49315
257,6.4245063,3.6236026,0.58902383,0.23623583,0.1970876,0.069064697,231.71393,0.069618527
258,7.3283135,4.1424666,0.41974504,0.40532293,0.111545,0.092514547,263.95894,105.50563
259,6.3159831,3.3710973,0.59875522,0.47704315,0.31409247,0.17603896,208.70697,161.97582
260,5.4285219,2.7616436,0.53300143,0.46836278,0.28424245,0.078042,192.87176,4.593993
261,5.5241588,3.0122771,0.53150983,0.08304395,0.066588818,0.054405228,199.91569,75.081073
262,5.922509,2.9521363,0.6348099,0.6755022,0.45565617,0.2464998,209.07848,177.76185
263,7.1722751,4.0150019,0.46086453,0.19223062,0.15680079,0.059208016,154.28727,9.4279896
264,5.6182706,2.9791436,0.56830577,0.29827359,0.20066896,0.15470823,264.12539,75.654991
265,6.1028023,3.2420402,0.58878494,0.18448514,0.066847897,0.060118288,173.01645,171.90399
266,7.1134841,3.851952,0.49645275,0.18168952,0.1235084,0.04522531,195.87915,16.973388
267,7.7224021,4.1735582,0.36135047,0.52604386,0.33041129,0.20938887,211.92533,163.24791
268,7.2262087,3.8911914,0.48170246,0.17168059,0.11469219,0.061510565,186.99194,2.4253915
269,5.1924583,2.5243065,0.54860765,0.50596985,0.30538123,0.22087541,180.03714,0.3529379
270,5.6421971,2.821253,0.53630805,0.20561767,0.16757695,0.12414974,227.95826,5.6976247
271,5.5983974,2.7166229,0.5122607,0.1437971,0.09166626,0.025314196,199.15831,168.5156
272,6.7019841,3.3892408,0.49536298,0.14672618,0.14579473,0.04074589,259.17356,132.71057
273,7.5214535,3.9186722,0.38428087,0.32691313,0.1046362,0.056341333,179.08562,18.831178
274,4.6610316,2.0114158,0.68586926,0.12636214,0.10106908,0.056600592,187.75492,165.07909
275,7.9646642,3.9459213,0.28784681,0.49882175,0.36425036,0.12357169,218.01277,171.71566
276,5.8058533,2.6711443,0.56143555,0.39297512,0.35974789,0.19617556,99.268414,112.68775
277,5.0255249,2.1212308,0.70719452,0.66573134,0.41923442,0.28272138,246.16278,49.788951
278,6.3969628,3.0630235,0.57419841,0.46864854,0.46026203,0.20005073,160.66291,178.05486
279,7.0977171,3.5593992,0.54272566,0.63084222,0.24658701,0.16227146,148.06722,178.47235
280,5.4389206,2.4520628,0.5988981,0.15987314,0.1252038,0.10057858,248.51761,69.914788
281,7.0626442,3.3813136,0.52997947,0.10242792,0.064300166,0.054976623,119.35304,92.279672
282,7.433174,3.598902,0.44760292,0.30375604,0.23899624,0.098235302,153.99989,155.84197
283,4.811551,1.9387507,0.71379793,0.30503674,0.14592787,0.10019447,257.16309,28.024436
284,6.7969591,3.1946101,0.53058518,0.41274512,0.20561804,0.082171231,216.55884,4.3427277
285,5.6859995,2.4170239,0.52401787,0.3114612,0.18429527,0.10402473,239.16258,138.62078
286,6.6861182,3.099921,0.57587072,0.13330129,0.10982672,0.064493782,215.3619,68.088271
287,6.9676374,3.3042065,0.51084393,0.36701067,0.22884245,0.1655518,219.54764,24.241163
288,5.9155532,2.5334318,0.48083128,0.16963429,0.072821452,0.045414293,262.73255,137.44264
289,4.9680476,1.9384341,0.70853499,0.18945827,0.14447226,0.064125443,209.57952,162.82218
290,6.658794,2.9584772,0.54182972,0.364184,0.31496563,0.15849867,107.03901,165.81416
291,6.1229867,2.5340684,0.49699936,0.41418866,0.32483101,0.13469687,208.42752,173.6711
292,6.3551827,2.7061895,0.53756455,0.4475673,0.27136127,0.24685749,225.86815,171.26244
293,7.6531713,3.547334,0.4319493,0.31476364,0.21209428,0.19487781,187.68322,172.4476
294,5.8437598,2.3997358,0.48410476,0.17916849,0.11435479,0.028267804,193.58285,175.01372
295,7.2922065,3.3178677,0.46240862,0.12089671,0.11631177,0.024010491,122.93573,3.0269981
296,6.9406597,3.095294,0.52681428,0.097605437,0.07381402,0.059553658,163.82787,154.39529
297,7.5458709,3.4619358,0.41650204,0.21667415,0.11409967,0.057348275,195.56317,178.61744
298,7.4305109,3.398877,0.43054821,0.14116756,0.10851443,0.034850862,203.13815,3.8163333
299,5.965267,2.3973243,0.49024676,0.20602657,0.16933914,0.049249872,174.19679,174.62437
300,7.1544698,3.2049608,0.49723175,0.21944298,0.096160495,0.059256642,155.87868,10.183638
301,5.4566529,2.0703467,0.592439,0.15880002,0.12097173,0.11240241,125.39748,110.7676
302,6.3341095,2.5848014,0.48052435,0.12293591,0.077686553,0.049401767,237.50291,160.97545
303,5.1777673,1.8014313,0.64306228,0.47500459,0.18264213,0.17130511,206.06777,158.25655
304,7.0252014,2.9828789,0.56893108,0.38536788,0.23747892,0.23162369,99.173041,105.487
305,5.7969633,2.2167305,0.49824134,0.28557034,0.19598666,0.05069425,140.00616,5.7929485
306,7.4981313,3.1032427,0.50135845,0.46902282,0.30553408,0.12783629,193.62873,5.3404887
307,8.0528989,3.5310868,0.39498251,0.39791054,0.1862591,0.13054142,208.63778,16.723833
308,6.7203058,2.7262857,0.51811782,0.43847958,0.28703008,0.15518087,243.69906,172.8405
309,7.5854794,3.3151773,0.45554951,0.24428493,0.12128879,0.069677078,251.12109,51.300098
310,6.3441656,2.4430843,0.51198538,0.24699197,0.23916753,0.15260355,160.87225,136.82221
311,7.9099159,3.4342158,0.40336298,0.30294468,0.24778572,0.08843568,198.67276,20.837913
312,6.0636376,2.138663,0.49528294,0.62355036,0.40807091,0.13204197,247.00495,174.28022
313,7.2847835,2.7840965,0.54283326,0.59638461,0.36273652,0.17671598,248.27848,149.94207
314,5.4273944,1.8364108,0.62972647,0.25783862,0.18537261,0.14045777,212.56792,141.82286
315,6.6113454,2.5420073,0.47437967,0.13774256,0.10419677,0.065278569,117.1524,3.5769858
316,6.745573,2.609127,0.4890459,0.11754035,0.090766446,0.087581651,129.53919,111.76925
317,6.9899597,2.7281422,0.54214446,0.35963061,0.18661462,0.16503234,197.23087,172.37868
318,8.2917959,3.4257219,0.32001642,0.17417045,0.11440025,0.041143995,211.11088,159.63889
319,7.7028519,3.0996327,0.52722538,0.3378739,0.1822967,0.16373435,196.48868,2.683344
320,6.5306825,2.4257214,0.50790313,0.17107342,0.05591742,0.044511369,169.23883,31.364341
321,5.2477127,1.593968,0.5102826,0.091251905,0.06949851,0.022364511,132.53572,152.76501
322,5.7564486,1.7871754,0.51669099,0.32927423,0.12333108,0.053998298,207.00379,164.61248
323,5.9358156,2.005681,0.47155362,0.1355488,0.10859872,0.025194726,118.35327,172.62429
324,6.3820046,2.1731792,0.50150333,0.41626339,0.25808567,0.24502891,209.15228,167.23974
325,7.9493112,3.1344424,0.47830746,0.21344285,0.14733205,0.028861324,263.47395,100.97868
326,6.714893,2.35798,0.54035399,0.51559577,0.34080505,0.20495823,153.55079,177.34068
327,5.4338062,1.6268592,0.57432642,0.35757933,0.23080776,0.19262751,253.98879,66.340163
328,7.6534324,2.8434204,0.50859859,0.30644349,0.17272171,0.15922227,180.57539,165.76651
329,8.2800873,3.2750618,0.3312819,0.15878272,0.098953348,0.082444905,194.27102,179.16572
330,6.0270311,1.8941808,0.47150178,0.28230155,0.27234466,0.064886514,248.24518,178.77962
331,5.3019213,1.4632004,0.55809852,0.31625245,0.20265809,0.12533231,101.3217,107.99649
332,6.9571217,2.3692805,0.62010261,0.31169968,0.30662187,0.26947338,176.02132,152.52999
333,8.0087116,2.9464715,0.44582711,0.55753027,0.27694048,0.20225846,99.822685,45.277485
334,8.3623744,3.247106,0.33098544,0.11144193,0.092312008,0.051473798,128.19778,130.97702
335,5.9124278,1.7394993,0.49279965,0.1370557,0.10977912,0.074852173,198.39769,173.86021
336,7.447077,2.6415257,0.45569033,0.17199825,0.067532789,0.052993141,166.38411,171.84922
337,6.6118758,2.0897225,0.4911784,0.18985447,0.14867176,0.13409481,143.65255,127.05363
338,6.2615161,1.8899251,0.45683418,0.16530256,0.098660326,0.038091134,183.22497,1.7431453
339,6.7297699,2.0903564,0.51773143,0.15944116,0.096635155,0.049434297,236.07798,50.397038
340,7.2608098,2.3252838,0.58969113,0.36708016,0.3478877,0.20465807,257.59733,167.74576
341,7.7543264,2.6942659,0.47361663,0.11253548,0.095141362,0.036508735,131.45271,6.2574788
342,7.5433797,2.5938046,0.51862196,0.27111388,0.13573724,0.099926514,187.41101,23.52328
343,8.3438545,2.9854751,0.32818791,0.17869251,0.12205875,0.063055678,152.70696,164.24646
344,5.0903472,1.1436388,0.68050125,0.30738368,0.22742481,0.092140876,90.331458,90.283102
345,7.676862,2.5090424,0.55642465,0.16556332,0.15574696,0.082089482,191.10197,163.28467
346,6.5488933,1.840211,0.51708823,0.53134426,0.47252062,0.24221358,224.36293,17.757391
347,5.4829952,1.2646397,0.85342455,0.92883977,0.45312585,0.36129082,91.168123,92.570751
348,6.9025866,2.018219,0.58668022,0.5319896,0.36823438,0.29244835,172.84712,176.46944
349,7.5324015,2.3761357,0.53238161,0.18149874,0.16117129,0.09529553,139.69115,21.356417
350,8.0452191,2.7015068,0.43558444,0.3048459,0.26083445,0.18307304,180.65273,0.61431362
351,8.3767632,2.8279059,0.31727356,0.22806306,0.10619164,0.047936806,170.09497,162.44245
352,6.5046676,1.6558151,0.45568839,0.1676609,0.082078425,0.034933309,109.01686,31.423763
353,7.4163249,2.1577174,0.48641849,0.21896053,0.20790746,0.17574517,232.60849,137.56391
354,8.2023776,2.6077022,0.33837305,0.1154688,0.1001675,0.0082202371,205.23264,165.29984
355,5.0802884,0.68796629,0.71043476,1.4265302,0.85005318,0.7293109,121.70308,129.55221
356,6.8786771,1.8105343,0.518377,0.11857711,0.092136835,0.049615189,242.6388,159.17713
357,6.7804726,1.7382116,0.5119041,0.27417744,0.088996067,0.079804514,92.571255,93.798579
358,7.2958869,1.9901091,0.39881469,0.1375097,0.076131722,0.042500636,192.01031,130.15365
359,7.6490562,2.242493,0.5348098,0.36091412,0.30263986,0.20417309,190.82939,154.14858
360,8.3674403,2.6341582,0.30983316,0.26969155,0.13820363,0.089872508,157.00106,9.2421983
361,5.7462508,1.0744741,0.87459478,0.31676179,0.10572711,0.080199359,218.85919,169.22394
362,8.0875939,2.3801038,0.39168361,0.22726394,0.16084278,0.067429737,123.73389,26.694213
363,7.8529662,2.1416744,0.46284885,0.29524506,0.16049822,0.082394223,252.59911,116.34615
364,6.6786619,1.4915203,0.56890666,0.56510858,0.40681195,0.32444032,255.59496,57.48306
365,7.5142398,1.9435543,0.47128115,0.51231551,0.45269269,0.22259939,263.85424,43.882064
366,8.2626651,2.3424258,0.36110129,0.39210633,0.30965072,0.11470004,203.50809,179.30995
367,6.3464877,1.2333459,0.55866688,0.2892134,0.19041012,0.12257132,186.6161,176.15963
368,7.3855042,1.7835735,0.4896218,0.20249166,0.14773429,0.089087072,232.79987,40.4704
369,7.1011071,1.491523,0.49658954,0.24805951,0.13463144,0.099045721,191.01191,138.99197
370,7.2975838,1.6112382,0.49491137,0.35895114,0.1718315,0.12476168,178.13891,179.6632
371,8.0092497,2.05222,0.44470171,0.33843122,0.21448375,0.18034264,183.36126,15.318271
372,6.7649554,1.2864574,0.52930157,0.27683904,0.16745689,0.076164355,214.75651,55.157098
373,7.4560616,1.5079476,0.58494797,0.5871341,0.34664515,0.27934953,163.60202,153.45904
374,8.2059124,1.9779294,0.42934973,0.29796435,0.20083091,0.1708019,166.65014,148.84593
375,7.1822203,1.3682593,0.48257635,0.23528281,0.18943403,0.14498556,268.40453,82.848584
376,6.0808997,0.56989144,0.69025425,1.2524705,1.0912958,0.60609628,217.72753,167.27405
377,5.7841855,0.54773542,0.55817958,0.32179304,0.078241597,0.067453226,242.10059,82.230117
378,7.3017443,1.2962471,0.47006856,0.12035468,0.089343913,0.039483254,118.10091,168.37557
379,7.1834853,1.205605,0.49359703,0.24009775,0.20849717,0.092891146,216.33551,8.3941363
380,7.7677067,1.3789061,0.7401241,0.94502988,0.60960338,0.36917107,139.08315,153.41226
381,6.8720828,1.0540848,0.5915097,0.43043,0.35832879,0.10490622,194.57551,7.1966221
382,7.422371,1.1800152,0.45589014,0.20023987,0.12418153,0.073186628,214.26838,168.85747
383,7.2103558,1.0448737,0.50475153,0.27905213,0.22250325,0.060870948,257.34641,164.88427
384,6.3712099,0.46586366,0.75813545,0.32002188,0.11494989,0.060747931,163.15451,140.07747
385,7.0642021,0.82012465,0.5190265,0.21095442,0.15379897,0.033760781,168.14637,14.8518
386,7.5387335,1.0073606,0.57304552,0.27023036,0.18996774,0.16053175,198.90011,27.875017
387,6.3382466,0.26173662,0.71513665,0.34332398,0.24691115,0.18251082,137.16518,157.24533
388,6.9974066,0.65422276,0.54405694,0.26969851,0.11208205,0.042776592,146.24895,5.7717252
389,6.0730664,0.18147255,0.51657073,0.26618281,0.13530454,0.13376692,265.73552,87.719085
390,8.0738993,1.1467732,0.65985927,0.35078166,0.26659315,0.10391516,211.81851,163.65616
391,7.3238949,0.84749606,0.55848337,0.43228658,0.40583167,0.21375396,180.9235,7.1006412
392,7.7949133,1.0238058,0.61789286,0.3206877,0.11309091,0.10586442,267.37294,81.880975
393,7.1368079,0.68993184,0.52810274,0.33521153,0.14062882,0.020730178,149.59922,6.6855283
394,6.9748029,0.4901817,0.54755754,0.18885033,0.12944835,0.034961874,203.39033,2.6467197
395,8.1258322,1.0408867,0.63869657,0.18501226,0.087850802,0.072499159,245.04638,170.59756
396,8.0139277,0.98063164,0.64171658,0.17643896,0.13048974,0.069403874,118.32579,22.214824
397,6.7255773,0.22758465,0.62325146,0.49735551,0.29791805,0.2105155,259.42603,135.8297
398,7.6245222,0.80264266,0.71336037,0.44920269,0.20451656,0.13114387,194.07983,49.02829
399,7.6924889,0.66097881,0.80332791,0.15574722,0.076588982,0.024402065,129.11048,98.717057
400,7.1924689,0.46499723,0.70322414,0.72841175,0.60196991,0.24550418,133.14163,137.06126
